ID,Publisher,Time,Author,Title
3180,Barnes & Noble,07/31/2015,Edgar Allan Poe,The Complete Tales and Poems of Edgar Allan Poe (Barnes & Noble Collectible Editions)
3181,"Little, Brown and Company",04/02/2013,Maria Semple,"Where'd You Go, Bernadette"
3182,Houghton Mifflin Harcourt,10/13/2009,Tim O'Brien,The Things They Carried
3183,"Little, Brown and Company",03/06/2018,Luis Alberto Urrea,The House of Broken Angels
3184,Scribner,04/04/2017,Anthony Doerr,All the Light We Cannot See
3185,Flame Tree,12/19/2017,Edgar Allan Poe,Edgar Allan Poe Stories
3186,HarperCollins Publishers,08/28/2012,Madeline Miller,The Song of Achilles
3187,"Little, Brown and Company",01/30/2001,J. D. Salinger,The Catcher in the Rye
3188,Grand Central Publishing,10/28/1988,Harper Lee,To Kill a Mockingbird
3189,Scribner,09/30/2004,F. Scott Fitzgerald,The Great Gatsby
3190,Random House Publishing Group,03/27/2018,Elizabeth Strout,Anything Is Possible
3191,Random House Publishing Group,02/06/2018,George Saunders,Lincoln in the Bardo
3192,Grand Central Publishing,11/14/2017,Min Jin Lee,Pachinko
3193,Penguin Publishing Group,04/03/2018,Meg Wolitzer,The Female Persuasion (The Barnes & Noble Book Club Edition)
3194,Penguin Publishing Group,03/05/2013,Khaled Hosseini,The Kite Runner (10th Anniversary)
3195,Knopf Doubleday Publishing Group,01/30/2018,Colson Whitehead,The Underground Railroad
3196,"Little, Brown and Company",04/10/2018,Madeline Miller,Circe
3197,Algonquin Books of Chapel Hill,02/06/2018,Tayari Jones,An American Marriage (Oprah's Book Club)
3198,"Norton, W. W. & Company, Inc.",04/03/2018,Richard Powers,The Overstory
3199,Knopf Doubleday Publishing Group,05/02/2017,Yaa Gyasi,Homegoing
3200,HarperCollins Publishers,03/10/2011,Harper Lee,To Kill a Mockingbird (Barnes & Noble Collectible Editions)
3201,Random House Publishing Group,04/26/2016,Anne Tyler,A Spool of Blue Thread
3202,Scribner,10/03/2017,Jennifer Egan,Manhattan Beach
3203,Random House Publishing Group,06/26/2017,Imbolo Mbue,Behold the Dreamers
3204,Scribner,09/05/2017,Jesmyn Ward,"Sing, Unburied, Sing"
3205,HarperCollins Publishers,06/20/2017,Paulette Jiles,News of the World
3206,Graywolf Press,10/03/2017,Carmen Maria Machado,Her Body and Other Parties
3207,Penguin Publishing Group,12/05/2017,Ottessa Moshfegh,Homesick for Another World
3208,Random House Publishing Group,10/11/2016,Elizabeth Strout,My Name Is Lucy Barton
3209,Knopf Doubleday Publishing Group,10/28/1994,Sandra Cisneros,La casa en Mango Street (The House on Mango Street)
3210,"Norton, W. W. & Company, Inc.",05/01/2018,Chuck Palahniuk,Adjustment Day: A Novel
3211,Penguin Publishing Group,02/13/2018,Elif Batuman,The Idiot
3212,"Farrar, Straus and Giroux",09/19/2017,Alice McDermott,The Ninth Hour
3213,Knopf Doubleday Publishing Group,03/22/2011,Jennifer Egan,A Visit from the Goon Squad
3214,Random House Publishing Group,05/09/2017,Emma Cline,The Girls
3215,HarperCollins Publishers,01/02/2018,Jessica Shattuck,The Women in the Castle
3216,Random House Publishing Group,01/28/1999,Kurt Vonnegut,"Slaughterhouse-Five, or The Children's Crusade: A Duty-Dance with Death"
3217,Knopf Doubleday Publishing Group,10/17/2017,Tom Hanks,Uncommon Type: Some Stories
3218,Scribner,05/28/1995,Ernest Hemingway,The Old Man and the Sea
3219,Penguin Publishing Group,09/28/1993,John Steinbeck,Of Mice and Men
3220,Barnes & Noble,05/01/2003,Herman Melville,Moby-Dick (Barnes & Noble Classics Series)
3221,"Grove/Atlantic, Inc.",04/12/2016,Viet Thanh Nguyen,The Sympathizer
3222,Penguin Publishing Group,03/28/2006,John Steinbeck,The Grapes of Wrath
3223,Barnes & Noble,03/01/2008,Mark Twain,Adventures of Huckleberry Finn (Barnes & Noble Classics Series)
3224,Knopf Doubleday Publishing Group,03/01/1989,Vladimir Nabokov,Lolita
3225,HarperCollins Publishers,01/18/2005,Betty Smith,A Tree Grows in Brooklyn
3226,Penguin Publishing Group,11/25/2008,Khaled Hosseini,A Thousand Splendid Suns
3227,HarperCollins Publishers,05/02/2017,Ann Patchett,Commonwealth
3228,"Little, Brown and Company",11/06/2012,Eowyn Ivey,The Snow Child
3229,"Little, Brown and Company",07/18/2017,Andrew Sean Greer,Less
3230,Bloomsbury USA,04/24/2012,Jesmyn Ward,Salvage the Bones
3231,Penguin Publishing Group,10/28/1992,John Steinbeck,East of Eden
3232,Simon & Schuster,04/05/2011,Joseph Heller,Catch-22
3233,Knopf Doubleday Publishing Group,01/28/1984,Sandra Cisneros,The House on Mango Street
3234,Knopf Doubleday Publishing Group,01/26/2016,Hanya Yanagihara,A Little Life
3235,Barnes & Noble,03/01/2004,Louisa May Alcott,Little Women (Barnes & Noble Classics Series)
3236,Knopf Doubleday Publishing Group,03/28/2000,Mark Z. Danielewski,House of Leaves
3237,"Little, Brown and Company",04/07/2015,Donna Tartt,The Goldfinch
3238,Barnes & Noble,12/25/2004,Nathaniel Hawthorne,The Scarlet Letter (Barnes & Noble Classics Series)
3239,Knopf Doubleday Publishing Group,03/28/2007,Cormac McCarthy,The Road
3240,Lushena Books,06/08/2017,Sam Greenlee,The Spook Who Sat By The Door
3241,Houghton Mifflin Harcourt,05/28/2003,Alice Walker,The Color Purple
3242,HarperCollins Publishers,06/11/2013,Sylvia Plath,The Bell Jar (P.S. Series)
3243,Penguin Publishing Group,08/29/2017,Gabriel Tallent,My Absolute Darling
3244,Barnes & Noble,04/03/2015,Mark Twain,The Adventures of Huckleberry Finn (Barnes & Noble Collectible Editions)
3245,Houghton Mifflin Harcourt,10/03/2017,Meg Wolitzer,The Best American Short Stories 2017
3246,Penguin Publishing Group,02/21/1963,Ken Kesey,One Flew Over the Cuckoo's Nest
3247,"Farrar, Straus and Giroux",10/03/2017,Jeffrey Eugenides,Fresh Complaint (Signed Book)
3248,Penguin Publishing Group,09/02/2008,Junot Díaz,The Brief Wondrous Life of Oscar Wao
3249,HarperCollins Publishers,05/30/2006,Zora Neale Hurston,Their Eyes Were Watching God
3250,Barnes & Noble,01/15/2006,F. Scott Fitzgerald,The Beautiful and Damned (Barnes & Noble Classics Series)
3251,St. Martin's Press,10/03/2017,Bryn Greenwood,All the Ugly and Wonderful Things: A Novel
3252,"Farrar, Straus and Giroux",09/05/2017,Robin Sloan,Sourdough
3253,Knopf Doubleday Publishing Group,06/08/2004,Toni Morrison,Beloved
3254,Scribner,10/17/2006,Ernest Hemingway,The Sun Also Rises
3255,Barnes & Noble,02/01/2005,Harriet Beecher Stowe,Uncle Tom's Cabin (Barnes & Noble Classics Series)
3256,Knopf Doubleday Publishing Group,03/01/1995,Ralph Ellison,Invisible Man
3257,Random House Publishing Group,09/08/1998,Kurt Vonnegut,Cat's Cradle
3258,Knopf Doubleday Publishing Group,06/28/2016,Kent Haruf,Our Souls at Night
3259,HarperCollins Publishers,11/14/2017,Louise Erdrich,Future Home of the Living God
3260,Algonquin Books of Chapel Hill,04/24/2018,Lisa Ko,The Leavers
3261,Knopf Doubleday Publishing Group,05/23/2017,Kevin Kwan,Rich People Problems
3262,Knopf Doubleday Publishing Group,05/28/1992,Cormac McCarthy,"Blood Meridian, or The Evening Redness in the West"
3263,"Little, Brown and Company",11/13/2006,David Foster Wallace,Infinite Jest
3264,"Grove/Atlantic, Inc.",11/14/2017,Roxane Gay,Difficult Women
3265,Penguin Publishing Group,12/28/2004,Ayn Rand,Atlas Shrugged: (Centennial Edition)
3266,Penguin Publishing Group,02/28/1993,John Steinbeck,The Pearl
3267,"Little, Brown and Company",04/20/2004,Alice Sebold,The Lovely Bones
3268,Barnes & Noble,06/01/2004,Jack London,Call of the Wild and White Fang (Barnes & Noble Classics Series)
3269,Simon & Schuster,02/06/2018,Lisa Halliday,Asymmetry
3270,Knopf Doubleday Publishing Group,03/28/1991,Bret Easton Ellis,American Psycho
3271,Knopf Doubleday Publishing Group,05/08/2007,Toni Morrison,The Bluest Eye
3272,Penguin Publishing Group,09/28/1996,Ayn Rand,The Fountainhead
3273,Barnes & Noble,03/01/2008,Mark Twain,Adventures of Tom Sawyer (Barnes & Noble Classics Series)
3274,Penguin Publishing Group,10/31/2006,Shirley Jackson,We Have Always Lived in the Castle: (Penguin Classics Deluxe Edition)
3275,Knopf Doubleday Publishing Group,04/22/2014,Dave Eggers,The Circle
3276,Seven Stories Press,09/26/2017,Kurt Vonnegut,Complete Stories
3277,Barnes & Noble,11/01/2004,Edgar Allan Poe,Essential Tales and Poems of Edgar Allan Poe (Barnes & Noble Classics Series)
3278,HarperCollins Publishers,05/03/2016,Harper Lee,Go Set a Watchman
3279,Simon & Schuster,06/15/2010,Larry McMurtry,Lonesome Dove
3280,Barnes & Noble,02/01/2006,Washington Irving,The Legend of Sleepy Hollow and Other Writings (Barnes & Noble Classics Series)
3281,Penguin Publishing Group,10/10/2017,Brit Bennett,The Mothers
3282,Penguin Publishing Group,12/28/1976,Jack Kerouac,On the Road
3283,"Grove/Atlantic, Inc.",11/07/2017,Emily Fridlund,History of Wolves
3284,Random House Publishing Group,09/08/1998,Kurt Vonnegut,The Sirens of Titan
3285,Picador,02/06/2018,Paul Auster,4 3 2 1: A Novel
3286,Knopf Doubleday Publishing Group,02/01/1991,William Faulkner,As I Lay Dying: The Corrected Text
3287,Knopf Doubleday Publishing Group,12/05/2017,Sam Shepard,Spy of the First Person
3288,Random House Publishing Group,01/16/2018,Denis Johnson,The Largesse of the Sea Maiden
3289,HarperCollins Publishers,02/27/2018,David Mamet,Chicago
3290,The Overlook Press,10/03/2017,Mark Helprin,Paris in the Present Tense
3291,Algonquin Books of Chapel Hill,03/17/2009,Hillary Jordan,Mudbound
3292,Picador,09/24/2013,Robin Sloan,Mr. Penumbra's 24-Hour Bookstore: A Novel
3293,Barnes & Noble,09/01/2004,Edith Wharton,Age of Innocence (Barnes & Noble Classics Series)
3294,Penguin Publishing Group,09/14/2006,Amy Tan,The Joy Luck Club
3295,Barnes & Noble,04/01/2005,Upton Sinclair,The Jungle (Barnes & Noble Classics Series)
3296,"Grove/Atlantic, Inc.",01/28/1994,John Kennedy Toole,A Confederacy of Dunces
3297,Penguin Publishing Group,06/03/2014,Khaled Hosseini,And the Mountains Echoed
3298,Picador,03/01/2016,Paul Beatty,The Sellout
3299,HarperCollins Publishers,07/05/2005,Barbara Kingsolver,The Poisonwood Bible
3300,Penguin Publishing Group,11/28/2006,Shirley Jackson,The Haunting of Hill House
3301,Knopf Doubleday Publishing Group,06/08/2004,Toni Morrison,Song of Solomon
3302,Random House Publishing Group,08/07/2012,Adam Johnson,The Orphan Master's Son
3303,Scribner,05/29/1996,Ernest Hemingway,A Moveable Feast
3304,Knopf Doubleday Publishing Group,09/28/1993,Truman Capote,Breakfast at Tiffany's and Three Stories
3305,Counterpoint Press,11/14/2017,Joan Silber,Improvement
3306,HarperCollins Publishers,05/30/2017,Jacqueline Woodson,Another Brooklyn
3307,HarperCollins Publishers,04/03/2012,John Irving,A Prayer for Owen Meany
3308,Knopf Doubleday Publishing Group,09/12/2013,James Baldwin,Giovanni's Room
3309,Houghton Mifflin Harcourt,04/04/2006,Jonathan Safran Foer,Extremely Loud and Incredibly Close
3310,Houghton Mifflin Harcourt,09/01/2004,Jhumpa Lahiri,The Namesake
3311,Barnes & Noble,11/25/2004,James Fenimore Cooper,The Last of the Mohicans (Barnes & Noble Classics Series)
3312,Fall River Press,03/29/2013,F. Scott Fitzgerald,F. Scott Fitzgerald: Classic Works: Two Novels and Nineteen Short Stories
3313,HarperCollins Publishers,09/19/2017,Michael Chabon,Moonglow
3314,HarperCollins Publishers,04/02/2013,Jess Walter,Beautiful Ruins
3315,Knopf Doubleday Publishing Group,07/11/2006,Cormac McCarthy,No Country for Old Men
3316,Barnes & Noble,09/01/2005,F. Scott Fitzgerald,This Side of Paradise (Barnes & Noble Classics Series)
3317,Scribner,07/28/1995,Ernest Hemingway,For Whom the Bell Tolls
3318,Penguin Publishing Group,09/03/2013,Junot Díaz,This Is How You Lose Her
3319,"Farrar, Straus and Giroux",01/01/1971,Flannery O'Connor,The Complete Stories
3320,Barnes & Noble,12/26/2017,Various,Classic American Short Stories (Barnes & Noble Collectible Editions)
3321,"Norton, W. W. & Company, Inc.",08/29/2017,Claire Messud,The Burning Girl
3322,Penguin Publishing Group,01/14/2003,Nella Larsen,Passing (Penguin Classics)
3323,HarperCollins Publishers,04/11/2017,Louise Erdrich,LaRose
3324,Random House Publishing Group,05/28/1999,Kurt Vonnegut,"Breakfast of Champions, or Goodbye Blue Monday"
3325,Scribner,08/01/2017,Tom Perrotta,Mrs. Fletcher
3326,Knopf Doubleday Publishing Group,08/11/1996,Anne Tyler,Dinner at the Homesick Restaurant: A Novel
3327,Knopf Doubleday Publishing Group,01/28/1991,William Faulkner,The Sound and the Fury
3328,Penguin Publishing Group,07/28/1997,Junot Díaz,Drown
3329,Scribner,04/14/2015,Marina Keegan,The Opposite of Loneliness: Essays and Stories
3330,Knopf Doubleday Publishing Group,08/22/2000,Kent Haruf,Plainsong
3331,Penguin Publishing Group,09/13/2016,Lauren Groff,Fates and Furies
3332,Random House Publishing Group,06/12/2012,Michael Chabon,The Amazing Adventures of Kavalier and Clay
3333,Random House Publishing Group,09/30/2008,Elizabeth Strout,Olive Kitteridge: Fiction
3334,Picador,01/10/2006,Marilynne Robinson,Gilead
3335,Picador,06/05/2007,Jeffrey Eugenides,Middlesex
3336,HarperCollins Publishers,08/02/2005,Ann Patchett,Bel Canto
3337,Dover Publications,08/29/2003,Herman Melville,Moby Dick
3338,Random House Publishing Group,11/07/2017,Emily Ruskovich,Idaho
3339,HarperCollins Publishers,08/02/2005,Richard Wright,Native Son
3340,Counterpoint Press,03/20/2018,Rebecca Kauffman,The Gunners
3341,Penguin Publishing Group,09/26/2017,James McBride,Five-Carat Soul
3342,Penguin Publishing Group,10/31/2006,Thomas Pynchon,Gravity's Rainbow
3343,Random House Publishing Group,01/07/2014,George Saunders,Tenth of December
3344,Knopf Doubleday Publishing Group,06/08/2004,Toni Morrison,Sula
3345,Penguin Publishing Group,12/31/2013,Ruth Ozeki,A Tale for the Time Being
3346,"Farrar, Straus and Giroux",11/15/2005,Joan Didion,Play It as It Lays
3347,Barnes & Noble,02/01/2004,Henry James,The Portrait of a Lady (Barnes & Noble Classics Series)
3348,Algonquin Books of Chapel Hill,01/12/2010,Julia Alvarez,In the Time of the Butterflies
3349,Barnes & Noble,09/01/2004,Edith Wharton,House of Mirth (Barnes & Noble Classics Series)
3350,Dover Publications,01/15/2014,Ayn Rand,Anthem
3351,Washington Square Press,09/15/2004,Pearl S. Buck,The Good Earth
3352,Scribner,08/03/1998,Ernest Hemingway,The Complete Short Stories of Ernest Hemingway
3353,Knopf Doubleday Publishing Group,02/03/2015,B. J. Novak,One More Thing: Stories and Other Stories
3354,Knopf Doubleday Publishing Group,04/28/1989,Vladimir Nabokov,Pale Fire
3355,"Little, Brown and Company",06/27/2017,Maria Semple,Today Will Be Different
3356,University of Chicago Press,05/05/2017,Norman Maclean,A River Runs through It and Other Stories
3357,HarperCollins Publishers,09/12/2017,Nicole Krauss,Forest Dark
3358,Houghton Mifflin Harcourt,06/28/1999,Jhumpa Lahiri,Interpreter of Maladies
3359,Knopf Doubleday Publishing Group,09/28/1997,Ernest J. Gaines,A Lesson before Dying
3360,Knopf Doubleday Publishing Group,06/28/1993,Cormac McCarthy,All the Pretty Horses (Border Trilogy Series #1)
3361,"Little, Brown and Company",02/23/2016,David Foster Wallace,INFINITE JEST - 20th Anniversary Edition (Special Edition)
3362,Race Point Publishing,02/15/2014,Edgar Allan Poe,The Complete Tales & Poems of Edgar Allan Poe
3363,Penguin Publishing Group,07/11/2017,Zinzi Clemmons,What We Lose
3364,"Grove/Atlantic, Inc.",01/02/2018,Viet Thanh Nguyen,The Refugees
3365,Sterling,10/28/2006,Mark Twain,The Adventures of Huckleberry Finn (Sterling Unabridged Classics Series)
3366,HarperCollins Publishers,02/06/2018,Stephanie Powell Watts,No One Is Coming to Save Us
3367,Barnes & Noble,12/01/2004,Stephen Crane,The Red Badge of Courage and Selected Short Fiction (Barnes & Noble Classics Series)
3368,Houghton Mifflin Harcourt,09/28/1996,Robert Penn Warren,All the King's Men
3369,Scribner,01/04/2011,Anthony Doerr,The Shell Collector
3370,Penguin Publishing Group,08/16/2016,Ivan Doig,Last Bus to Wisdom
3371,Penguin Publishing Group,12/26/2006,Leslie Marmon Silko,Ceremony: (Penguin Classics Deluxe Edition)
3372,Scribner,07/01/1995,F. Scott Fitzgerald,Tender Is the Night
3373,Penguin Publishing Group,03/25/2014,Meg Wolitzer,The Interestings
3374,Crown/Archetype,04/28/1991,Jean Shepherd,In God We Trust: All Others Pay Cash
3375,Penguin Publishing Group,01/07/2014,Sinclair Lewis,It Can't Happen Here
3376,Houghton Mifflin Harcourt,03/01/2016,Angela Flournoy,The Turner House
3377,Barnes & Noble,04/01/2006,Edgar Rice Burroughs,Tarzan of the Apes (Barnes & Noble Classics Series)
3378,HarperCollins Publishers,09/24/2013,Louise Erdrich,The Round House
3379,Dover Publications,01/27/1998,Mark Twain,The Adventures of Tom Sawyer (Classic Starts Series)
3380,Counterpoint Press,08/15/2017,Margaret Wilkerson Sexton,A Kind of Freedom
3381,Knopf Doubleday Publishing Group,09/05/2017,Nathan Englander,Dinner at the Center of the Earth
3382,Penguin Publishing Group,04/03/2018,Lesley Nneka Arimah,What It Means When a Man Falls from the Sky
3383,New York Review Books,06/20/2006,John Williams,Stoner
3384,Knopf Doubleday Publishing Group,04/03/2018,Weike Wang,Chemistry
3385,Random House Publishing Group,01/09/2018,Dan Chaon,Ill Will
3386,The Overlook Press,11/02/2010,Charles Portis,True Grit: A Novel
3387,Barnes & Noble,12/01/2005,Owen Wister,The Virginian (Barnes & Noble Classics Series)
3388,"Norton, W. W. & Company, Inc.",04/24/2006,Nicole Krauss,The History of Love
3389,"Soho Press, Incorporated",01/30/2018,Delores Phillips,The Darkest Child
3390,Penguin Publishing Group,04/24/2012,Geraldine Brooks,Caleb's Crossing
3391,Penguin Publishing Group,08/26/2008,Jack Kerouac,On the Road: The Original Scroll: (Penguin Classics Deluxe Edition)
3392,"Little, Brown and Company",05/01/2013,J. D. Salinger,Franny and Zooey
3393,Scribner,04/11/2017,Annie Proulx,Barkskins
3394,Random House Publishing Group,05/28/1999,Kurt Vonnegut,Mother Night
3395,Random House Publishing Group,03/06/2018,Victor LaValle,The Changeling
3396,Penguin Publishing Group,02/28/1994,John Steinbeck,Cannery Row
3397,Knopf Doubleday Publishing Group,01/02/2018,Peter Heller,Celine
3398,Scribner,04/13/2004,Meg Wolitzer,The Wife
3399,Dover Publications,05/26/1994,Mark Twain,Adventures of Huckleberry Finn (Dover Thrift Editions)
3400,HarperCollins Publishers,07/29/2014,Charles Bukowski,Ham on Rye
3401,Knopf Doubleday Publishing Group,03/03/2015,Cristina Henríquez,The Book of Unknown Americans
3402,HarperCollins Publishers,01/22/2013,Wiley Cash,A Land More Kind Than Home: A Novel
3403,Penguin Publishing Group,02/06/2018,Danielle Lazarin,Back Talk
3404,Grand Central Publishing,01/10/2017,Min Jin Lee,Free Food for Millionaires
3405,Knopf Doubleday Publishing Group,09/27/2005,Philip Roth,The Plot Against America
3406,"Grove/Atlantic, Inc.",05/10/2011,Karl Marlantes,Matterhorn: A Novel of the Vietnam War
3407,Washington Square Press,08/05/2008,Jodi Picoult,Second Glance
3408,Counterpoint Press,07/11/2017,Eve Babitz,Sex and Rage
3409,Picador,02/17/2009,Denis Johnson,Jesus' Son
3410,"Little, Brown and Company",02/21/2017,Adam Haslett,Imagine Me Gone
3411,Picador,01/09/2018,Andre Aciman,Enigma Variations: A Novel
3412,Picador,04/27/2009,Jeffrey Eugenides,The Virgin Suicides
3413,Scribner,02/16/2016,Ernest Hemingway,The Sun Also Rises: The Hemingway Library Edition
3414,Algonquin Books of Chapel Hill,01/12/2010,Julia Alvarez,How the Garcia Girls Lost Their Accents
3415,Algonquin Books of Chapel Hill,11/14/2017,Susan Rivers,The Second Mrs. Hockaday: A Novel
3416,"Norton, W. W. & Company, Inc.",01/23/2018,Dara Horn,Eternal Life
3417,Scribner,10/06/2015,Anthony Doerr,About Grace: A Novel
3418,Crown/Archetype,03/28/2017,Anne Tyler,Vinegar Girl: A Novel
3419,Knopf Doubleday Publishing Group,11/04/2014,Wallace Stegner,Angle of Repose
3420,HarperCollins Publishers,11/07/2017,Ivy Pochoda,Wonder Valley
3421,"Grove/Atlantic, Inc.",07/16/2013,William S. Burroughs Jr.,Naked Lunch
3422,HarperCollins Publishers,05/08/2012,Ann Patchett,State of Wonder
3423,Picador,04/03/2018,Julie Buntin,Marlena
3424,Knopf Doubleday Publishing Group,05/03/2005,Kent Haruf,Eventide
3425,Random House Publishing Group,01/28/1999,Kurt Vonnegut,Player Piano
3426,Penguin Publishing Group,04/10/2014,John Steinbeck,The Grapes of Wrath 75th Anniversary Edition
3427,"Norton, W. W. & Company, Inc.",09/17/1999,Chuck Palahniuk,Invisible Monsters: A Novel / Edition 1
3428,Knopf Doubleday Publishing Group,09/12/2013,James Baldwin,Go Tell It on the Mountain
3429,HarperCollins Publishers,03/06/2018,Uzodinma Iweala,Speak No Evil
3430,Penguin Publishing Group,06/24/2014,Elizabeth Gilbert,The Signature of All Things
3431,Touchstone,01/16/2018,Jonathan Santlofer,It Occurs to Me That I Am America: New Stories and Art
3432,Scribner,03/28/1996,Ernest Hemingway,To Have and Have Not
3433,Barnes & Noble,12/01/2004,Mark Twain,Prince and the Pauper (Barnes & Noble Classics Series)
3434,Grand Central Publishing,04/28/1994,Rudolfo Anaya,"Bless Me, Ultima"
3435,Barnes & Noble,04/01/2005,Kate Chopin,The Awakening and Selected Short Fiction (Barnes & Noble Classics Series)
3436,Random House Publishing Group,03/26/2002,Pat Conroy,The Prince of Tides
3437,Scribner,07/05/2011,Anthony Doerr,Memory Wall
3438,"Little, Brown and Company",07/11/2007,Daniel Woodrell,Winter's Bone: A Novel
3439,Barnes & Noble,09/01/2005,Mark Twain,A Connecticut Yankee in King Arthur's Court (Barnes & Noble Classics Series)
3440,Spark,07/10/2009,SparkNotes,The Scarlet Letter (No Fear Literature Series)
3441,HarperCollins Publishers,04/05/2005,Ray Bradbury,Bradbury Stories: 100 of His Most Celebrated Tales
3442,HarperCollins Publishers,09/02/2014,Thornton Wilder,The Bridge of San Luis Rey
3443,Counterpoint Press,01/05/2010,Evan S. Connell,Mrs. Bridge
3444,Houghton Mifflin Harcourt,04/21/2004,Carson McCullers,The Heart Is a Lonely Hunter
3445,Random House Publishing Group,07/01/2014,Marisha Pessl,Night Film
3446,Penguin Publishing Group,12/30/2008,Geraldine Brooks,People of the Book: A Novel
3447,Penguin Publishing Group,08/03/2010,Theodore Dreiser,An American Tragedy
3448,Houghton Mifflin Harcourt,10/04/2016,Junot Díaz,The Best American Short Stories 2016
3449,Houghton Mifflin Harcourt,02/06/2018,Azareen Van der Vliet Oloomi,Call Me Zebra
3450,Knopf Doubleday Publishing Group,10/31/2017,Mark Z. Danielewski,"The Familiar, Volume 5: Redwood"
3451,"Norton, W. W. & Company, Inc.",12/28/1998,Mark Twain,Adventures of Huckleberry Finn: A Norton Critical Edition / Edition 3
3452,Picador,06/06/2017,Jonathan Safran Foer,Here I Am: A Novel
3453,"Grove/Atlantic, Inc.",01/06/1994,Henry Miller,Tropic of Cancer
3454,"Grove/Atlantic, Inc.",10/08/2013,Sherman Alexie,The Lone Ranger and Tonto Fistfight in Heaven (20th Anniversary Edition)
3455,Barnes & Noble,07/01/2004,Willa Cather,O Pioneers! (Barnes & Noble Classics Series)
3456,Counterpoint Press,11/09/2005,Wendell Berry,Hannah Coulter
3457,New Directions Publishing Corporation,11/28/2017,Rachel Ingalls,Mrs. Caliban
3458,Penguin Publishing Group,01/28/1986,Don DeLillo,White Noise
3459,Dover Publications,01/01/1991,Henry James,The Turn of the Screw
3460,Scribner,04/10/2018,F. Scott Fitzgerald,I'd Die For You: And Other Lost Stories
3461,Houghton Mifflin Harcourt,09/06/2016,Margaret Walker,Jubilee (50th Anniversary Edition)
3462,"Grove/Atlantic, Inc.",08/09/2016,Jim Harrison,Legends of the Fall
3463,Tin House Books,03/07/2017,Annie Hartnett,Rabbit Cake
3464,Knopf Doubleday Publishing Group,01/25/2011,Julie Orringer,The Invisible Bridge
3465,HarperCollins Publishers,07/29/2014,Charles Bukowski,Post Office
3466,Random House Publishing Group,08/01/2017,Jenny Zhang,Sour Heart
3467,Penguin Publishing Group,02/24/2015,Phil Klay,Redeployment
3468,Penguin Publishing Group,05/03/2011,Jean Kwok,Girl in Translation
3469,Random House Publishing Group,01/30/2018,Hannah Tinti,The Twelve Lives of Samuel Hawley
3470,"Farrar, Straus and Giroux",06/06/2017,Catherine Lacey,The Answers
3471,"Farrar, Straus and Giroux",07/18/2017,Samantha Hunt,The Dark Dark
3472,Knopf Doubleday Publishing Group,06/28/2002,Katherine Dunn,Geek Love
3473,Picador,08/28/2000,Norman Mailer,The Naked and the Dead (50th Anniversary Edition)
3474,Crown/Archetype,02/04/2014,Anthony Marra,A Constellation of Vital Phenomena
3475,Knopf Doubleday Publishing Group,05/01/2000,John Cheever,The Stories of John Cheever
3476,Barnes & Noble,09/01/2003,O. Henry,Selected Stories of O. Henry (Barnes & Noble Classics Series)
3477,HarperCollins Publishers,05/07/2013,Barbara Kingsolver,The Bean Trees: A Novel
3478,Touchstone,12/27/2011,Claude Brown,Manchild in the Promised Land
3479,Knopf Doubleday Publishing Group,03/28/1992,Sandra Cisneros,Woman Hollering Creek and Other Stories
3480,Knopf Doubleday Publishing Group,03/11/2014,Toni Morrison,Paradise
3481,Knopf Doubleday Publishing Group,06/28/1998,Richard Russo,Straight Man
3482,"Little, Brown and Company",05/01/2013,J. D. Salinger,Nine Stories
3483,Random House Publishing Group,06/05/2007,Charles Frazier,Thirteen Moons
3484,Penguin Publishing Group,07/21/2015,Tiphanie Yanique,Land of Love and Drowning
3485,Penguin Publishing Group,08/26/2008,John Steinbeck,The Winter of Our Discontent
3486,Penguin Publishing Group,10/31/2006,Jack Kerouac,The Dharma Bums: (Penguin Classics Deluxe Edition)
3487,"Little, Brown and Company",04/03/2006,Luis Alberto Urrea,The Hummingbird's Daughter
3488,Random House Publishing Group,03/28/1981,Stephen Crane,The Red Badge of Courage
3489,Knopf Doubleday Publishing Group,02/01/1991,William Faulkner,"Absalom, Absalom!"
3490,Knopf Doubleday Publishing Group,02/28/1998,Philip Roth,American Pastoral (American Trilogy #1)
3491,Barnes & Noble,06/01/2008,Sinclair Lewis,Main Street (Barnes & Noble Classics Series)
3492,Barnes & Noble,07/01/2005,Mark Twain,Pudd'nhead Wilson and Those Extraordinary Twins (Barnes & Noble Classics Series)
3493,Picador,08/02/2016,Lucia Berlin,A Manual for Cleaning Women: Selected Stories
3494,HarperCollins Publishers,08/04/1999,O. E. Rolvaag,Giants in the Earth: A Saga of the Prairie
3495,Houghton Mifflin Harcourt,08/23/1977,Flannery O'Connor,A Good Man Is Hard to Find and Other Stories
3496,Algonquin Books of Chapel Hill,08/26/2008,Roland Merullo,Breakfast with Buddha
3497,Random House Publishing Group,01/28/1999,Kurt Vonnegut,Galápagos
3498,Kensington,08/01/2010,Zane Grey,Riders of the Purple Sage
3499,Penguin Publishing Group,06/06/2017,Maile Meloy,Do Not Become Alarmed
3500,Crown/Archetype,03/13/2018,Jonathan Miles,Anatomy of a Miracle
3501,Dover Publications,11/30/2011,F. Scott Fitzgerald,The Beautiful and the Damned
3502,Knopf Doubleday Publishing Group,11/21/2017,Elliot Ackerman,Dark at the Crossing
3503,HarperCollins Publishers,01/28/2014,Philipp Meyer,The Son
3504,Grand Central Publishing,05/08/2012,Norman Mailer,The Executioner's Song
3505,Open Road Integrated Media LLC,06/03/2014,Harlan Ellison,I Have No Mouth and I Must Scream
3506,Knopf Doubleday Publishing Group,04/11/2006,Chuck Palahniuk,Haunted
3507,Penguin Publishing Group,02/06/2018,Katie Kitamura,A Separation
3508,Random House Publishing Group,04/28/1990,Tom Robbins,Jitterbug Perfume
3509,"Grove/Atlantic, Inc.",03/06/2018,Charmaine Craig,Miss Burma
3510,HarperCollins Publishers,10/17/2006,Thomas Pynchon,The Crying of Lot 49
3511,"Wordsworth Editions, Limited",12/01/1999,Herman Melville,Moby Dick or The Whale
3512,Random House Publishing Group,11/01/2011,Téa Obreht,The Tiger's Wife
3513,Knopf Doubleday Publishing Group,06/28/1989,Raymond Carver,What We Talk about When We Talk about Love
3514,HarperCollins Publishers,04/10/2007,Paulette Jiles,Enemy Women: A Novel
3515,Knopf Doubleday Publishing Group,10/10/2006,James Baldwin,If Beale Street Could Talk
3516,Scribner,06/09/1994,Annie Proulx,The Shipping News
3517,"Little, Brown and Company",05/02/2017,Joshua Ferris,The Dinner Party: And Other Stories
3518,Atria / 37 INK,04/10/2018,Nafissa Thompson-Spires,Heads of the Colored People
3519,Knopf Doubleday Publishing Group,10/28/2003,Donna Tartt,The Little Friend
3520,Barnes & Noble,03/01/2004,Edith Wharton,Ethan Frome & Selected Stories (Barnes & Noble Classics Series)
3521,Knopf Doubleday Publishing Group,11/11/2003,Shirley Ann Grau,The Keepers of the House
3522,Knopf Doubleday Publishing Group,10/14/2003,Julie Otsuka,When the Emperor Was Divine
3523,Scribner,07/09/1998,Don DeLillo,Underworld
3524,Houghton Mifflin Harcourt,04/14/2015,Jonathan Safran Foer,Everything Is Illuminated
3525,Penguin Publishing Group,09/28/1996,T. C. Boyle,The Tortilla Curtain
3526,Bloomsbury USA,06/06/2017,Gail Godwin,Grief Cottage
3527,Algonquin Books of Chapel Hill,01/11/2011,Heidi W. Durrow,The Girl Who Fell from the Sky
3528,Picador,08/27/2002,Jonathan Franzen,The Corrections
3529,HarperCollins Publishers,07/15/2014,Amy Tan,The Valley of Amazement
3530,Knopf Doubleday Publishing Group,11/01/2005,Anne Tyler,Breathing Lessons
3531,Knopf Doubleday Publishing Group,04/07/2009,Jhumpa Lahiri,Unaccustomed Earth
3532,Knopf Doubleday Publishing Group,05/12/2015,Mark Z. Danielewski,"The Familiar, Volume 1: One Rainy Day in May"
3533,Random House Publishing Group,03/22/2016,Sara Novic,Girl at War
3534,HarperCollins Publishers,04/13/2010,Willy Vlautin,Lean on Pete
3535,Penguin Publishing Group,10/02/2012,Louisa May Alcott,Little Men
3536,Touchstone,03/25/1997,Ursula Hegi,Stones from the River
3537,Vintage Wild,04/22/2016,Robert M. Drake,Beautiful and Damned
3538,Houghton Mifflin Harcourt,06/28/2005,Mark Helprin,Winter's Tale
3539,HarperCollins Publishers,06/04/2013,Barbara Kingsolver,Flight Behavior
3540,HarperCollins Publishers,08/22/2000,Edna Ferber,Giant
3541,Scribner,10/10/2006,Thomas Wolfe,"Look Homeward, Angel"
3542,Knopf Doubleday Publishing Group,07/15/2014,Chuck Palahniuk,Doomed
3543,Knopf Doubleday Publishing Group,01/12/2010,Lorrie Moore,Birds of America
3544,HarperCollins Publishers,04/29/2008,Michael Chabon,The Yiddish Policemen's Union
3545,HarperCollins Publishers,07/05/2005,Pat Frank,"Alas, Babylon"
3546,Barnes & Noble,07/01/2005,James Fenimore Cooper,The Deerslayer (Barnes & Noble Classics Series)
3547,Barnes & Noble,09/01/2005,Sinclair Lewis,Babbitt (Barnes & Noble Classics Series)
3548,HarperCollins Publishers,05/07/2013,Barbara Kingsolver,Pigs in Heaven: A Novel
3549,Knopf Doubleday Publishing Group,05/28/1999,Cormac McCarthy,Cities of the Plain (Border Trilogy Series #3)
3550,Random House Publishing Group,03/28/2002,Pat Conroy,The Lords of Discipline
3551,Penguin Publishing Group,11/28/2005,Sherwood Anderson,"Winesburg, Ohio"
3552,Random House Publishing Group,09/09/2014,James A. Michener,Tales of the South Pacific
3553,Knopf Doubleday Publishing Group,07/21/2015,Chuck Palahniuk,Beautiful You
3554,Penguin Publishing Group,07/02/2013,Mark Twain,The Adventures of Tom Sawyer and Adventures of Huckleberry Finn
3555,Random House Publishing Group,09/28/1998,Kurt Vonnegut,Welcome to the Monkey House
3556,Counterpoint Press,12/13/2016,Abby Geni,The Lightkeepers
3557,Houghton Mifflin Harcourt,04/19/2011,Ann Patchett,The Patron Saint of Liars
3558,Knopf Doubleday Publishing Group,10/02/2012,Chuck Palahniuk,Damned
3559,Picador,12/20/2016,Garth Greenwell,What Belongs to You
3560,Picador,11/01/2004,Marilynne Robinson,Housekeeping
3561,HarperCollins Publishers,02/06/2018,Joyce Carol Oates,Beautiful Days
3562,Knopf Doubleday Publishing Group,03/20/2012,Julie Otsuka,The Buddha in the Attic
3563,"Little, Brown and Company",11/01/2016,Elizabeth Poliner,As Close to Us as Breathing: A Novel
3564,Knopf Doubleday Publishing Group,09/05/2017,Laura Furman,The O. Henry Prize Stories 2017
3565,Random House Publishing Group,11/28/1996,Truman Capote,A Christmas Memory / One Christmas / The Thanksgiving Visitor
3566,Random House Publishing Group,09/08/1998,Kurt Vonnegut,"God Bless You, Mr. Rosewater, or Pearls before Swine"
3567,Picador,02/06/2018,John Darnielle,Universal Harvester
3568,HarperCollins Publishers,02/24/2015,Rene Denfeld,The Enchanted: A Novel
3569,HarperCollins Publishers,07/20/2010,Barbara Kingsolver,The Lacuna
3570,Penguin Publishing Group,08/01/2017,Danzy Senna,New People
3571,Crown/Archetype,09/28/1999,Tim O'Brien,Going after Cacciato
3572,Penguin Publishing Group,10/18/2016,Karan Mahajan,The Association of Small Bombs
3573,"Little, Brown and Company",04/15/1992,Herman Wouk,The Caine Mutiny
3574,HarperCollins Publishers,10/03/2017,T. C. Boyle,The Relive Box and Other Stories
3575,Knopf Doubleday Publishing Group,04/19/2016,Chuck Palahniuk,Make Something Up: Stories You Can't Unread
3576,Dover Publications,10/26/2004,Nella Larsen,Passing
3577,Random House Publishing Group,08/03/2004,Fannie Flagg,Standing in the Rainbow
3578,Random House Publishing Group,03/26/2002,Pat Conroy,Beach Music
3579,"Little, Brown and Company",04/30/2013,Kevin Powers,The Yellow Birds
3580,Knopf Doubleday Publishing Group,05/28/1992,Cormac McCarthy,Suttree
3581,Knopf Doubleday Publishing Group,04/28/1994,Richard Russo,Nobody's Fool
3582,HarperCollins Publishers,08/23/2016,Louise Erdrich,Love Medicine
3583,"Farrar, Straus and Giroux",07/28/2003,Bernard Malamud,The Natural
3584,HarperCollins Publishers,09/09/2014,Paul Bowles,Sheltering Sky
3585,Random House Publishing Group,06/12/2012,Charles Frazier,Nightwoods
3586,HarperCollins Publishers,05/25/2004,Edward P. Jones,The Known World: A Novel
3587,Penguin Publishing Group,06/28/1992,Jack Kerouac,Big Sur
3588,Knopf Doubleday Publishing Group,07/29/2003,Chuck Palahniuk,Lullaby
3589,HarperCollins Publishers,10/16/2001,Barbara Kingsolver,Prodigal Summer
3590,Penguin Publishing Group,08/16/2016,Ottessa Moshfegh,Eileen
3591,Random House Publishing Group,11/28/2000,William Faulkner,As I Lay Dying: The Corrected Text (Modern Library Series)
3592,Random House Publishing Group,06/28/1997,John Irving,The Cider House Rules
3593,"Farrar, Straus and Giroux",03/16/2005,Shirley Jackson,The Lottery: And Other Stories
3594,"Little, Brown and Company",06/16/2010,Luis Alberto Urrea,Into the Beautiful North
3595,Random House Publishing Group,02/09/2016,Kelly Link,Get in Trouble
3596,Random House Publishing Group,05/08/2007,E. L. Doctorow,Ragtime
3597,Picador,10/06/2015,Marilynne Robinson,Lila
3598,Knopf Doubleday Publishing Group,06/17/2014,Jhumpa Lahiri,The Lowland
3599,Crown/Archetype,07/19/2016,Anthony Marra,The Tsar of Love and Techno
3600,Knopf Doubleday Publishing Group,04/28/1997,Sapphire,Push
3601,Algonquin Books of Chapel Hill,05/15/2012,Daniel Wallace,Big Fish: A Novel of Mythic Proportions
3602,Picador,10/07/2014,Alice McDermott,Someone
3603,Knopf Doubleday Publishing Group,01/26/2016,Toni Morrison,God Help the Child
3604,Barnes & Noble,02/01/2005,Henry James,Wings of the Dove (Barnes & Noble Classics Series)
3605,Simon & Schuster,06/07/2016,John Irving,Avenue of Mysteries
3606,HarperCollins Publishers,03/06/2018,Jesse Ball,Census
3607,Penguin Publishing Group,10/25/2005,Edith Wharton,Ethan Frome
3608,Scribner,07/04/2017,Curtis Dawkins,The Graybar Hotel
3609,Random House Publishing Group,04/24/2018,Curtis Sittenfeld,"You Think It, I'll Say It"
3610,Coffee House Press,06/06/2017,Gabe Habash,Stephen Florida
3611,Simon & Schuster,06/05/2007,James Lee Burke,Jesus Out to Sea
3612,Knopf Doubleday Publishing Group,06/28/1989,Raymond Carver,Cathedral
3613,Penguin Publishing Group,07/28/1977,Ken Kesey,Sometimes a Great Notion
3614,Knopf Doubleday Publishing Group,12/28/1992,James Baldwin,Another Country
3615,Picador,04/29/2014,Cathleen Schine,Fin & Lady
3616,Penguin Publishing Group,02/25/2014,Karen Joy Fowler,We Are All Completely Beside Ourselves
3617,Random House Publishing Group,10/13/2015,Colum McCann,Thirteen Ways of Looking
3618,Houghton Mifflin Harcourt,09/01/2006,Tim O'Brien,In the Lake of the Woods
3619,Knopf Doubleday Publishing Group,03/28/1995,Cormac McCarthy,The Crossing (Border Trilogy Series #2)
3620,Knopf Doubleday Publishing Group,03/15/1992,William Styron,Sophie's Choice
3621,Tom Doherty Associates,02/16/2016,Victor LaValle,The Ballad of Black Tom
3622,Penguin Publishing Group,10/04/2016,Geraldine Brooks,The Secret Chord
3623,Penguin Publishing Group,08/05/2014,James McBride,The Good Lord Bird
3624,"Grove/Atlantic, Inc.",04/28/2007,Sherman Alexie,Flight
3625,Knopf Doubleday Publishing Group,11/28/1991,Willa Cather,One of Ours
3626,Random House Publishing Group,04/28/1990,Tom Robbins,Still Life with Woodpecker
3627,"Norton, W. W. & Company, Inc.",10/06/2014,Molly Antopol,The UnAmericans
3628,HarperCollins Publishers,06/07/2011,Jeannette Haien,The All of It: A Novel
3629,"Grove/Atlantic, Inc.",05/06/2014,Roxane Gay,An Untamed State
3630,Knopf Doubleday Publishing Group,04/28/2000,Richard Yates,Revolutionary Road
3631,"Grove/Atlantic, Inc.",04/14/2015,Lily King,Euphoria
3632,Sarabande Books,10/10/2017,Emily Fridlund,Catapult
3633,"Little, Brown and Company",04/01/2000,David Foster Wallace,Brief Interviews with Hideous Men
3634,Picador,09/01/2015,John Darnielle,Wolf in White Van
3635,Knopf Doubleday Publishing Group,01/12/2010,David Eagleman,Sum: Forty Tales from the Afterlives
3636,Knopf Doubleday Publishing Group,01/24/2017,Richard Russo,Everybody's Fool: A Novel
3637,Simon & Schuster,07/21/2009,Mary Gaitskill,Bad Behavior
3638,Houghton Mifflin Harcourt,05/27/2002,Joel Chandler Harris,The Complete Tales of Uncle Remus
3639,Knopf Doubleday Publishing Group,01/14/2014,Kent Haruf,Benediction
3640,HarperCollins Publishers,07/29/2008,Ann Patchett,Run: A Novel
3641,Random House Publishing Group,06/28/1982,James Fenimore Cooper,The Last of the Mohicans
3642,Knopf Doubleday Publishing Group,04/12/2002,Richard Russo,Empire Falls
3643,Knopf Doubleday Publishing Group,08/20/1994,Philip Roth,Portnoy's Complaint
3644,Picador,10/13/2015,Ben Lerner,10:04
3645,Ignatius Press,09/01/1989,Mark Twain,Joan of Arc
3646,Persea Books,08/01/2003,Anzia Yezierska,Bread Givers / Edition 3
3647,Library of America,02/28/1998,James Baldwin,James Baldwin: Early Novels & Stories: Go Tell It on the Mountain / Giovanni's Room / Another Country / Going to Meet the Man (Library of America)
3648,Dover Publications,02/05/1992,O. Henry,The Gift of the Magi and Other Short Stories
3649,Picador,10/26/2010,Lydia Davis,The Collected Stories of Lydia Davis
3650,HarperCollins Publishers,08/16/2016,Louise Erdrich,The Last Report on the Miracles at Little No Horse
3651,Random House Publishing Group,04/08/2014,Elizabeth Strout,The Burgess Boys: A Novel
3652,HarperCollins Publishers,05/12/2009,Louise Erdrich,The Plague of Doves
3653,"Norton, W. W. & Company, Inc.",03/19/2004,Jessica Shattuck,The Hazards of Good Breeding
3654,Knopf Doubleday Publishing Group,05/07/2013,Peter Heller,The Dog Stars
3655,HarperCollins Publishers,08/29/2017,Louise Erdrich,Tracks
3656,"Little, Brown and Company",09/05/2017,Brendan Mathews,The World of Tomorrow
3657,"Norton, W. W. & Company, Inc.",07/28/1999,Herman Melville,Moby Dick (A Norton Critical Edition) / Edition 2
3658,Da Capo Press,05/03/2016,Alex Haley,Roots: The Saga of an American Family
3659,Random House Publishing Group,11/28/1990,John Irving,The World According to Garp
3660,Barnes & Noble,08/01/2003,Henry James,"The Turn of the Screw, The Aspern Papers and Two Stories (Barnes & Noble Classics Series)"
3661,St. Martin's Press,05/22/2012,Tom Perrotta,The Leftovers
3662,Random House Publishing Group,08/17/2010,John Grisham,Ford County
3663,Penguin Publishing Group,09/14/2006,Amy Tan,The Kitchen God's Wife
3664,Penguin Publishing Group,10/27/2009,John Steinbeck,The Short Novels of John Steinbeck: (Penguin Classics Deluxe Edition)
3665,Penguin Publishing Group,12/28/1981,Mark Twain,Roughing It
3666,Houghton Mifflin Harcourt,03/28/1998,Ann Petry,The Street
3667,Picador,08/02/2016,Jonathan Franzen,Purity
3668,Knopf Doubleday Publishing Group,04/03/2018,Richard Russo,Trajectory
3669,Picador,09/04/2012,Jeffrey Eugenides,The Marriage Plot
3670,"Grove/Atlantic, Inc.",07/13/2010,J. P. Donleavy,The Ginger Man
3671,Penguin Publishing Group,06/27/2017,Siobhan Fallon,The Confusion of Languages
3672,Picador,09/01/2009,Marilynne Robinson,Home
3673,Random House Publishing Group,03/28/2002,Pat Conroy,The Great Santini
3674,Penguin Publishing Group,08/28/1993,Jack London,"The Call of the Wild, White Fang, and Other Stories"
3675,Knopf Doubleday Publishing Group,10/08/2013,Ayana Mathis,The Twelve Tribes of Hattie
3676,Knopf Doubleday Publishing Group,03/28/2000,Kent Haruf,The Tie That Binds
3677,"Grove/Atlantic, Inc.",11/13/2012,William S. Burroughs,Junky: The Definitive Text of
3678,New York Review Books,06/05/2007,Elaine Dundy,The Dud Avocado
3679,Penguin Publishing Group,12/04/2007,Sinclair Lewis,Elmer Gantry
3680,Simon & Schuster,06/02/2015,Matthew Thomas,We Are Not Ourselves
3681,Knopf Doubleday Publishing Group,04/22/2003,Julia Glass,Three Junes
3682,Random House Publishing Group,08/28/1996,John Updike,"Rabbit, Run"
3683,Houghton Mifflin Harcourt,11/01/2016,Alexander  Chee,The Queen of the Night
3684,Random House Publishing Group,06/28/1996,David James Duncan,The Brothers K
3685,Graywolf Press,06/13/2017,Percival Everett,So Much Blue
3686,Random House Publishing Group,11/28/1983,Mark Twain,The Prince and the Pauper
3687,"Little, Brown and Company",03/29/2016,David James Duncan,The River Why
3688,Knopf Doubleday Publishing Group,02/28/2000,Gore Vidal,Burr
3689,New York Review Books,08/29/2017,Richard Stern,Other Men's Daughters
3690,Picador,01/01/2000,Michael Cunningham,The Hours
3691,Hachette Books,07/13/2016,Lauren Groff,Arcadia
3692,Penguin Publishing Group,10/31/2017,Daniel Alarcón,The King Is Always Above the People
3693,Penguin Publishing Group,06/28/1997,John Steinbeck,Tortilla Flat
3694,Scribner,07/18/2017,Ernest Hemingway,The Short Stories of Ernest Hemingway: The Hemingway Library Edition
3695,Counterpoint Press,10/10/2017,Cristina García,Here in Berlin
3696,Simon & Schuster,11/01/1999,Hunter S. Thompson,The Rum Diary
3697,Scribner,01/16/2018,Jesmyn Ward,Where the Line Bleeds
3698,Bellevue Literary Press,01/01/2009,Paul Harding,Tinkers
3699,HarperCollins Publishers,10/10/2017,Joyce Carol Oates,A Book of American Martyrs
3700,Simon & Schuster,07/01/2004,Kate Chopin,The Awakening and Selected Stories of Kate Chopin
3701,Random House Publishing Group,09/28/1998,Kurt Vonnegut,Bluebeard
3702,Scribner,05/06/2008,Miranda July,No One Belongs Here More Than You
3703,Knopf Doubleday Publishing Group,02/01/1991,William Faulkner,Light in August
3704,Knopf Doubleday Publishing Group,08/18/2015,Laila Lalami,The Moor's Account
3705,Simon & Schuster,08/02/2005,Larry McMurtry,By Sorrow's River (Berrybender Narratives Series #3)
3706,Knopf Doubleday Publishing Group,06/28/1993,Cormac McCarthy,Child of God
3707,Penguin Publishing Group,06/12/2001,George Saunders,Pastoralia
3708,City Lights Books,01/01/2001,Charles Bukowski,Notes of a Dirty Old Man
3709,Scribner,01/31/1996,Ernest Hemingway,In Our Time
3710,Houghton Mifflin Harcourt,02/01/1982,Eudora Welty,The Collected Stories of Eudora Welty
3711,Knopf Doubleday Publishing Group,10/09/2007,Dave Eggers,What Is the What
3712,Random House Publishing Group,08/08/2017,Jonathan Dee,The Locals
3713,Barnes & Noble,05/01/2005,Henry James,The Bostonians (Barnes & Noble Classics Series)
3714,Knopf Doubleday Publishing Group,12/02/2003,Jane Smiley,A Thousand Acres
3715,Knopf Doubleday Publishing Group,06/28/1993,Cormac McCarthy,Outer Dark
3716,Knopf Doubleday Publishing Group,09/09/2003,Sandra Cisneros,Caramelo
3717,Knopf Doubleday Publishing Group,06/28/1992,Ernest J. Gaines,A Gathering of Old Men
3718,Knopf Doubleday Publishing Group,07/26/2011,Karen Russell,Swamplandia!
3719,Knopf Doubleday Publishing Group,06/08/2004,Toni Morrison,Jazz
3720,Bloomsbury USA,12/30/2014,TaraShea Nesbit,The Wives of Los Alamos
3721,Picador,09/02/2008,Denis Johnson,Tree of Smoke
3722,Scribner,09/20/1995,F. Scott Fitzgerald,The Short Stories of F. Scott Fitzgerald: A New Collection
3723,Knopf Doubleday Publishing Group,08/28/1990,Eudora Welty,The Optimist's Daughter
3724,Library of America,09/28/1988,Flannery O'Connor,"Flannery O'Connor: Collected Works: Wise Blood, A Good Man Is Hard to Find, The Violent Bear It Away, Everything That Rises Must Converge, Essays and Letters (Library of America)"
3725,Dover Publications,10/03/1995,Henry James,Daisy Miller
3726,Houghton Mifflin Harcourt,10/06/2015,Lorrie Moore,100 Years of The Best American Short Stories
3727,Picador,09/27/2011,Jonathan Franzen,Freedom
3728,Dalkey Archive Press,02/07/2012,William Gaddis,The Recognitions
3729,Knopf Doubleday Publishing Group,06/27/2017,Dave Eggers,Heroes of the Frontier
3730,Barnes & Noble,07/01/2005,Booth Tarkington,Magnificent Ambersons (Barnes & Noble Classics Series)
3731,Barnes & Noble,12/01/2005,Theodore Dreiser,Sister Carrie (Barnes & Noble Classics Series)
3732,Houghton Mifflin Harcourt,10/06/2015,T. C. Boyle,The Best American Short Stories 2015
3733,"Grove/Atlantic, Inc.",04/10/2018,Chris Offutt,Country Dark
3734,HarperCollins Publishers,11/26/2013,Joyce Carol Oates,The Accursed
3735,Knopf Doubleday Publishing Group,04/19/2011,Aimee Bender,The Particular Sadness of Lemon Cake
3736,"Grove/Atlantic, Inc.",01/28/1994,Henry Miller,Tropic of Capricorn
3737,Houghton Mifflin Harcourt,05/07/2007,Ivan Doig,The Whistling Season
3738,Penguin Publishing Group,07/27/2010,Thomas Pynchon,Inherent Vice
3739,Scribner,08/14/2007,F. Scott Fitzgerald,The Curious Case of Benjamin Button (Simon & Schuster Edition)
3740,Random House Publishing Group,03/06/2018,Will Mackin,Bring Out the Dog
3741,Knopf Doubleday Publishing Group,09/28/1999,Cormac McCarthy,"The Border Trilogy: All the Pretty Horses, The Crossing, Cities of the Plain"
3742,Penguin Publishing Group,01/16/2018,Langston Hughes,Not Without Laughter
3743,Random House Publishing Group,03/29/2005,Alice Hoffman,Blackbird House
3744,Knopf Doubleday Publishing Group,09/28/1993,Truman Capote,The Grass Harp / A Tree of Night and Other Short Stories
3745,Scribner,09/12/2017,Andrew Krivak,The Signal Flame
3746,Penguin Publishing Group,09/28/2008,James Agee,A Death in the Family
3747,Knopf Doubleday Publishing Group,08/28/1984,Jay McInerney,"Bright Lights, Big City"
3748,Houghton Mifflin Harcourt,05/28/2000,John Dos Passos,"The 42nd Parallel: The U.S.A. Trilogy, Volume 1"
3749,Knopf Doubleday Publishing Group,08/21/1993,Philip Roth,"Goodbye, Columbus: And Five Short Stories"
3750,"Little, Brown and Company",03/20/2018,Michael Farris Smith,The Fighter
3751,Random House Publishing Group,02/28/1993,Cristina García,Dreaming in Cuban
3752,Random House Publishing Group,05/03/2011,Gary Shteyngart,Super Sad True Love Story
3753,Random House Publishing Group,04/26/2016,George Saunders,CivilWarLand in Bad Decline
3754,"Little, Brown and Company",04/10/2012,David Foster Wallace,The Pale King
3755,Knopf Doubleday Publishing Group,09/28/1975,Edgar Allan Poe,Complete Tales and Poems
3756,Perfection Learning Corporation,01/28/2007,Shirley Jackson,The Lottery
3757,Penguin Publishing Group,01/19/2012,Ken Kesey,One Flew Over the Cuckoo's Nest: 50th Anniversary Edition
3758,Penguin Publishing Group,03/06/2018,Ramona Ausubel,Awayland
3759,Penguin Publishing Group,07/01/2014,Karen White,Grand Central: Original Stories of Postwar Love and Reunion
3760,HarperCollins Publishers,09/15/2009,Joyce Carol Oates,Blonde
3761,Random House Publishing Group,07/04/2017,Matthew Klam,Who Is Rich?
3762,Penguin Publishing Group,04/28/1995,John Steinbeck,The Pastures of Heaven
3763,Scribner,03/20/2018,John Edgar Wideman,American Histories
3764,Penguin Publishing Group,06/28/1983,Gloria Naylor,The Women of Brewster Place
3765,Knopf Doubleday Publishing Group,02/01/1991,William Faulkner,"Go Down, Moses"
3766,Picador,05/28/2001,Paul Beatty,The White Boy Shuffle
3767,Knopf Doubleday Publishing Group,10/07/2014,Jenny  Offill,Dept. of Speculation
3768,HarperCollins Publishers,06/20/2017,Lionel Shriver,"The Mandibles: A Family, 2029-2047"
3769,Barnes & Noble,04/01/2006,Herman Melville,Billy Budd and the Piazza Tales (Barnes & Noble Classics Series)
3770,Knopf Doubleday Publishing Group,10/08/2002,Jennifer Egan,Look at Me
3771,Knopf Doubleday Publishing Group,05/06/2014,Hanya Yanagihara,The People in the Trees
3772,New York Review Books,08/28/2001,Elizabeth Hardwick,Sleepless Nights
3773,HarperCollins Publishers,03/04/2014,Alissa Nutting,Tampa
3774,Knopf Doubleday Publishing Group,04/07/2009,Chuck Palahniuk,Snuff
3775,Scribner,11/15/2005,Annie Proulx,Brokeback Mountain
3776,Knopf Doubleday Publishing Group,12/28/1989,Jane Hamilton,The Book of Ruth
3777,HarperCollins Publishers,08/23/2016,Louise Erdrich,The Master Butchers Singing Club
3778,Random House Publishing Group,03/13/2012,William Faulkner,The Sound and the Fury (Modern Library Series)
3779,Penguin Publishing Group,11/28/1995,John Steinbeck,The Moon Is Down
3780,Penguin Publishing Group,10/04/2016,Claire Vaye Watkins,Gold Fame Citrus
3781,"Farrar, Straus and Giroux",07/03/2017,Lynn Freed,The Last Laugh: A Novel
3782,"Norton, W. W. & Company, Inc.",11/02/2015,Louisa May Alcott,The Annotated Little Women
3783,HarperCollins Publishers,06/16/2015,Harper Lee,To Kill a Mockingbird slipcased edition
3784,Counterpoint Press,04/11/2017,Natashia Deon,Grace
3785,Magdalene Press,06/19/2017,Ernest Hemingway,A Farewell to Arms
3786,Knopf Doubleday Publishing Group,06/08/2004,Toni Morrison,Tar Baby
3787,Knopf Doubleday Publishing Group,12/28/1991,Peter Matthiessen,At Play in the Fields of the Lord
3788,Penguin Publishing Group,04/30/2013,John O'Hara,Appointment in Samarra (Penguin Classics Deluxe Edition)
3789,Random House Publishing Group,09/28/1994,James Dickey,Deliverance
3790,Simon & Schuster,06/04/2013,Vaddey Ratner,In the Shadow of the Banyan
3791,Knopf Doubleday Publishing Group,05/28/1989,James M. Cain,The Postman Always Rings Twice
3792,Picador,02/13/2018,Paul Goldberg,The Château
3793,Penguin Publishing Group,07/29/2008,John Steinbeck,Sweet Thursday
3794,Random House Publishing Group,07/28/1993,Edith Wharton,Summer
3795,Penguin Publishing Group,02/28/1993,John Steinbeck,The Red Pony
3796,HarperCollins Publishers,09/23/2014,Wiley Cash,This Dark Road to Mercy
3797,Knopf Doubleday Publishing Group,05/28/1989,James M. Cain,Double Indemnity
3798,Random House Publishing Group,05/28/1999,Kurt Vonnegut,"Slapstick, or Lonesome No More!"
3799,HarperCollins Publishers,04/13/2010,N. Scott Momaday,House Made of Dawn
3800,Dark Horse Comics,10/25/2016,Chuck Palahniuk,Bait: Off-Color Stories for You to Color
3801,"Norton, W. W. & Company, Inc.",02/10/2014,Andre Aciman,Harvard Square: A Novel
3802,Picador,03/01/2003,Michael Dorris,Yellow Raft in Blue Water
3803,Picador,05/02/2017,Rakesh Satyal,No One Can Pronounce My Name
3804,Random House Publishing Group,03/28/1994,O. Henry,Best Short Stories of O. Henry (Modern Library Series)
3805,Penguin Publishing Group,12/28/2010,Amy Tan,The Hundred Secret Senses
3806,Knopf Doubleday Publishing Group,01/28/1996,Dorothy West,The Wedding: A Novel
3807,"Farrar, Straus and Giroux",08/22/2006,James Salter,A Sport and a Pastime
3808,Picador,05/22/2012,Denis Johnson,Train Dreams
3809,Library of America,10/04/2016,Kurt Vonnegut,Kurt Vonnegut: The Complete Novels 4C BOX SET: The Library of America Collection
3810,Knopf Doubleday Publishing Group,09/14/2004,Chuck Palahniuk,Diary
3811,Knopf Doubleday Publishing Group,09/28/1990,Langston Hughes,The Ways of White Folks
3812,Seven Stories Press,11/28/1999,Nelson Algren,The Man with the Golden Arm: 50th Anniversary Critical Edition
3813,Random House Publishing Group,02/28/1998,James Jones,The Thin Red Line
3814,Houghton Mifflin Harcourt,11/13/2006,Salvador Plascencia,The People of Paper
3815,HarperCollins Publishers,12/06/2016,Kathleen Collins,Whatever Happened to Interracial Love?
3816,"Grove/Atlantic, Inc.",08/08/2017,Robert Olen Butler,Perfume River
3817,Knopf Doubleday Publishing Group,01/17/1993,William Styron,The Confessions of Nat Turner
3818,Penguin Publishing Group,04/24/2007,Marisha Pessl,Special Topics in Calamity Physics
3819,Simon & Schuster,01/29/2013,John Irving,In One Person
3820,HarperCollins Publishers,11/25/1997,Russell Banks,Sweet Hereafter: A Novel
3821,Random House Publishing Group,12/11/1989,Thomas Berger,Little Big Man
3822,HarperCollins Publishers,11/27/2012,Ben Fountain,Billy Lynn's Long Halftime Walk
3823,Knopf Doubleday Publishing Group,05/08/2001,Philip Roth,The Human Stain (American Trilogy #3)
3824,Penguin Publishing Group,06/29/2010,David Foster Wallace,The Broom of the System (Penguin Ink)
3825,Tom Doherty Associates,01/15/1991,Washington Irving,The Legend of Sleepy Hollow
3826,Knopf Doubleday Publishing Group,01/28/2000,Colson Whitehead,The Intuitionist
3827,Barnes & Noble,02/01/2007,Henry James,Ambassadors (Barnes & Noble Classics Series)
3828,Dover Publications,06/10/1998,Mark Twain,Adventures of Huckleberry Finn
3829,Random House Publishing Group,05/31/2005,Justin Cronin,The Summer Guest
3830,Knopf Doubleday Publishing Group,04/28/1995,James Baldwin,Going to Meet the Man
3831,"Norton, W. W. & Company, Inc.",05/13/2013,Chuck Palahniuk,Invisible Monsters Remix
3832,"Grove/Atlantic, Inc.",02/10/2005,Sherman Alexie,Reservation Blues
3833,Random House Publishing Group,11/22/2005,Curtis Sittenfeld,Prep
3834,Touchstone,12/04/2007,Lex Williford,The Scribner Anthology of Contemporary Short Fiction: 50 North American Stories Since 1970
3835,Knopf Doubleday Publishing Group,04/20/2010,Chuck Palahniuk,Pygmy
3836,Picador,02/13/2018,Victor Lodato,Edgar and Lucy: A Novel
3837,Counterpoint Press,01/28/2005,Evan S. Connell,Mr. Bridge
3838,Houghton Mifflin Harcourt,03/28/1989,Richard Brautigan,"Richard Brautigan's Trout Fishing in America, The Pill Versus the Springhill Mine Disaster, and In Watermelon Sugar"
3839,Random House Publishing Group,01/29/2002,Amy Tan,The Bonesetter's Daughter
3840,Knopf Doubleday Publishing Group,02/07/2017,Mark Z. Danielewski,"The Familiar, Volume 4: Hades"
3841,Random House Publishing Group,02/28/1983,Edgar Allan Poe,The Tell-Tale Heart and Other Writings
3842,Knopf Doubleday Publishing Group,07/01/2014,Edwidge Danticat,Claire of the Sea Light
3843,Penguin Publishing Group,03/28/2006,John Steinbeck,The Wayward Bus
3844,Knopf Doubleday Publishing Group,01/28/1996,William Maxwell,"So Long, See You Tomorrow"
3845,Penguin Publishing Group,03/04/2008,Sinclair Lewis,Arrowsmith
3846,HarperCollins Publishers,08/15/2006,Uzodinma Iweala,Beasts of No Nation
3847,Scribner,05/01/2018,Rachel Kushner,The Mars Room
3848,HarperCollins Publishers,05/07/2013,Barbara Kingsolver,Animal Dreams: A Novel
3849,New York Review Books,08/30/2016,Eve Babitz,"Slow Days, Fast Company: The World, the Flesh, and L.A."
3850,Knopf Doubleday Publishing Group,05/06/2008,Chuck Palahniuk,Rant: An Oral Biography of Buster Casey
3851,Houghton Mifflin Harcourt,09/11/2012,Justin Torres,We the Animals
3852,Houghton Mifflin Harcourt,04/28/2000,John Updike,The Best American Short Stories of the Century
3853,Penguin Publishing Group,02/03/2004,ZZ Packer,Drinking Coffee Elsewhere
3854,Scribner,02/28/2000,Annie Proulx,Close Range: Wyoming Stories
3855,Knopf Doubleday Publishing Group,07/10/2007,Jennifer Egan,The Keep
3856,Houghton Mifflin Harcourt,04/05/2005,Carson McCullers,The Ballad of the Sad Cafe: And Other Stories
3857,Liveright Publishing Corporation,06/13/2011,Jean Toomer,Cane
3858,Penguin Publishing Group,03/28/1996,Chang-rae Lee,Native Speaker
3859,Knopf Doubleday Publishing Group,01/28/2000,Chitra Banerjee Divakaruni,Sister of My Heart
